prompt,response,metadata,artifacts,score,explanation,feature
I'm working on a project in the finance industry where we need to improve our decision-making process by analyzing customer data. Could you help me figure out a way to extract relevant customer information from various financial websites using web scraping techniques?,"To assist you with extracting customer data from financial websites for improving decision-making in the finance industry, we can develop a Python script that utilizes web scraping libraries, such as BeautifulSoup and requests. The script will make HTTP requests to the target websites, parse the HTML content, and extract the desired customer information.

Here's a high-level overview of the steps involved:

1. Identify the target websites and analyze their structure to determine the relevant HTML elements containing customer data.
2. Use the requests library to send HTTP GET requests to the identified URLs and retrieve the HTML content.
3. Utilize BeautifulSoup to parse the HTML content and locate the desired elements using appropriate selectors (e.g., CSS classes or IDs).
4. Extract the customer data from the selected elements and store it in a structured format, such as a CSV file or a database.
5. Implement error handling and rate limiting to ensure the scraping process is reliable and complies with website terms of service.

I can provide you with a sample Python script that demonstrates the basic implementation of web scraping using BeautifulSoup and requests. The script will be tailored to your specific requirements and target websites. Once the script is ready, you can run it periodically to fetch the latest customer data and use it to enhance your decision-making process in the finance industry.

Please let me know if you have any specific websites in mind or if you require further assistance in refining the web scraping script.
","{""reasoning"": ""The user requires assistance with extracting customer data from financial websites to improve decision-making in the finance industry. A Python script utilizing web scraping libraries, such as BeautifulSoup and requests, can be developed to automate the data extraction process. The script will make HTTP requests, parse HTML content, and extract relevant customer information."", ""tool_tag"": {""name"": ""requests"", ""description"": ""A Python library for making HTTP requests""}}",{},8,"The response effectively adheres to the Universal Core System Prompt (UCSP) guidelines by providing a clear and structured approach to the user's request for web scraping customer data from financial websites. The use of web scraping libraries (BeautifulSoup and requests) is appropriate and relevant for the task at hand, demonstrating correct tool integration.  The response outlines a high-level overview of the web scraping process, which includes crucial steps such as identifying target websites, sending HTTP requests, parsing HTML content, and error handling. This clarity and specificity in the explanation make the process understandable and actionable for the user.  However, while the response mentions the potential creation of a sample Python script tailored to the user's needs, it does not include an actual artifact or a detailed code snippet. Providing a sample script would enhance the practical relevance and usefulness of the response. Additionally, while the metadata includes a tool tag for the requests library, it would benefit from including a similar entry for BeautifulSoup, as both libraries are essential for the proposed solution.  Overall, the response is strong, but the absence of a concrete example and the limited metadata regarding tool usage slightly detract from its effectiveness.",Tool
"I'm working on a project for an e-commerce company that involves collecting social media posts from IoT devices, creating visualizations from this data, and storing it in a data warehouse. Could you help me design a workflow to accomplish this?","Certainly! Here's a high-level workflow to transform social media posts from IoT devices into visualizations and store them in a data warehouse for your e-commerce company:

1. Data Collection: Use APIs provided by social media platforms to collect posts from IoT devices. You'll need to set up authentication and define the specific data fields you want to collect, such as post content, timestamp, location, and device type.

2. Data Processing: Clean and preprocess the collected data to ensure consistency. This may involve removing duplicates, handling missing values, and converting data types. You can use Python libraries like pandas for this purpose.

3. Data Storage: Store the processed data in a staging area of your data warehouse. This allows for further processing and analysis without affecting the raw data. Consider using a cloud-based data warehouse solution like Amazon Redshift or Google BigQuery for scalability.

4. Data Transformation: Transform the staged data into a format suitable for visualization. This may involve aggregating data by time period, device type, or other relevant dimensions. You can use SQL queries or a tool like Apache Spark for large-scale data processing.

5. Data Visualization: Create interactive visualizations to explore and present the data. Tools like Tableau, PowerBI, or a custom web-based dashboard using libraries like D3.js can be used. Consider creating visualizations for metrics like post engagement, sentiment analysis, and device usage patterns.

6. Data Warehousing: Load the transformed data into the main data warehouse tables. Define a schema that supports efficient querying and analysis. Ensure data integrity and optimize for query performance.

7. Automation and Monitoring: Automate the entire workflow using a scheduling tool like Apache Airflow. Set up monitoring and alerts to ensure the pipeline runs smoothly and data quality is maintained.

By following this workflow, you can establish a robust system for collecting, processing, visualizing, and storing social media data from IoT devices. Let me know if you need further assistance with any specific step!
","{""reasoning"": ""Designing a complex workflow involving data collection, processing, visualization, and storage for an e-commerce company."", ""tool_tag"": {""name"": ""WorkflowManagement"", ""description"": ""Orchestrating multiple tasks and tool integrations to achieve the desired outcome of transforming social media posts from IoT devices into visualizations and storing them in a data warehouse.""}}",{},9,"The response effectively outlines a comprehensive workflow that adheres to the Universal Core System Prompt (UCSP) guidelines. Here are the key points of evaluation based on the criteria provided:  1. **Effective Use of Workflow Management**: The response provides a clear and structured workflow that includes all necessary steps from data collection to visualization and storage. Each step logically follows the previous one, demonstrating a solid understanding of workflow management principles.  2. **Adherence to UCSP Guidelines**: The response aligns well with the UCSP guidelines by addressing the specific needs of the prompt, which involves collecting and processing social media posts from IoT devices for an e-commerce application.  3. **Correct Use of Tools and APIs**: The response mentions appropriate tools and APIs, such as social media platform APIs for data collection, pandas for data processing, SQL for data transformation, and visualization tools like Tableau and PowerBI. This shows a good grasp of the necessary technologies to implement the workflow.  4. **Proper Use of 'tool_tag' in Metadata**: The metadata includes a well-defined 'tool_tag' that accurately describes the purpose of the workflow management involved. This is crucial for understanding the context of the workflow.  5. **Clarity and Specificity**: The explanation is clear, specific, and broken down into distinct steps, making it easy for the reader to follow and understand how to implement the workflow. Each step includes practical suggestions and tools, enhancing clarity.  6. **Practical Relevance and Potential Usefulness**: The example provided is practical and highly relevant to the prompt. It addresses real-world challenges faced by e-commerce companies in leveraging social media data and IoT devices, making it a valuable reference for someone in the field.  7. **Proper Use of Metadata**: The metadata is appropriately crafted, providing insight into the reasoning behind the workflow design. However, there is an absence of additional metadata that could have further enhanced the evaluation, such as timestamps or versioning information.  8. **Appropriate Creation and Use of Artifacts**: While the response does not include any artifacts, the absence does not detract from the overall quality of the workflow design. However, including examples of potential artifacts (like sample visualizations or data schemas) would have strengthened the response.  Overall, the response is well-structured, thorough, and demonstrates a strong understanding of workflow management in the context of the prompt. It could be improved slightly by including artifacts or additional metadata elements,",WorkflowManagement
"Hey CORE, I've been working on a Rust application for managing student records in our education software suite. Recently, I've noticed some issues when processing user input, particularly with parsing and validating data. The application is moderate in size, and I'm looking for help to identify and fix these issues efficiently. Could you assist me with debugging this Rust application?","To effectively debug your Rust application for managing student records, I recommend the following structured approach:

1. **Review and Understand the Code**: Begin by examining the modules that handle user input, focusing on parsing and validation logic. Look for any inconsistencies or potential oversight in the implementation.

2. **Logging and Tracing**: Implement detailed logging and tracing mechanisms in critical sections of the code, especially where user input is processed. This will help capture the state of the application and the data flow, making it easier to pinpoint issues.

3. **Unit Testing**: Write comprehensive unit tests for the input parsing and validation modules. Ensure you cover edge cases and potential error conditions. This step is crucial for identifying specific scenarios that cause failures.

4. **Analyze Error Reports**: Collect and analyze any error reports or logs generated during the application's execution. Look for patterns or recurring issues that might indicate systemic problems in handling user input.

5. **Use Rust Debugging Tools**: Leverage Rust's rich ecosystem of debugging tools such as `rust-gdb` or `lldb`. These tools can provide insights into the application's behavior at runtime, helping identify the root cause of issues.

6. **Code Review**: Consider conducting a code review with peers. Fresh eyes might spot issues you've overlooked, especially in complex input processing logic.

7. **Iterate and Test**: After identifying potential fixes, implement them and thoroughly test the application. Ensure that the fixes address the issues without introducing new problems.

By methodically going through these steps, you should be able to identify and rectify the issues in your Rust application efficiently. If you need further assistance with specific problems you encounter during this process, feel free to ask!
",{},{},9,"The response effectively adheres to the Universal Core System Prompt (UCSP) guidelines by providing a structured approach to debugging the Rust application. Here's a breakdown of the evaluation based on the criteria:  1. **Correct Use of Debugging Techniques**: The response outlines several appropriate debugging techniques, such as reviewing code, implementing logging, writing unit tests, analyzing error reports, and using debugging tools. Each step is relevant and practical for identifying and fixing issues in the application.  2. **Adherence to UCSP Guidelines**: The response follows a logical flow and provides actionable steps, which aligns well with the UCSP's emphasis on clarity and structured problem-solving.  3. **Correct Use of Tools and APIs**: The mention of specific Rust debugging tools like `rust-gdb` and `lldb` demonstrates a good understanding of the tools available for debugging in Rust, which is consistent with UCSP guidelines.  4. **Proper Use of 'tool_tag' in Metadata**: The absence of metadata regarding tool usage is a minor drawback, as it would have been beneficial to indicate which tools are suggested for use. This could enhance the clarity of tool application.  5. **Clarity and Specificity**: The explanation is clear and specific, detailing each step in the debugging process without ambiguity. The structured format makes it easy to follow.  6. **Practical Relevance and Potential Usefulness**: The suggestions provided are practical and relevant to the context of managing student records, addressing common issues associated with user input processing.  7. **Proper Use of Metadata**: The lack of metadata is noted, as including relevant tags could improve the response's utility and traceability.  8. **Appropriate Creation and Use of Artifacts**: No artifacts were provided, which is acceptable in this context, but including examples or templates for logging or unit tests could have added value.  Overall, the response is comprehensive and effectively addresses the user's request for assistance in debugging their Rust application, warranting a high score. The minor omissions regarding metadata and artifacts prevent a perfect score, but the quality of the content remains strong.",Debug
I'm working on a manufacturing project that requires optimizing resource allocation. I need to create a complex JavaScript program to handle this. Can you help me get started with the basic structure and any key functions I should include?,"Certainly! To create a JavaScript program for optimizing resource allocation in a manufacturing project, you'll want to start by defining the resources and constraints involved. Here's a basic structure to get you started:

1. Define the resources: Create variables or objects to represent each type of resource (e.g., raw materials, machinery, labor).

2. Define the constraints: Specify any limitations or requirements, such as maximum capacity, availability, or cost.

3. Create functions to calculate resource allocation: Develop algorithms to optimize the distribution of resources based on the defined constraints. This may involve linear programming, heuristics, or other optimization techniques.

4. Implement a scheduling mechanism: Create functions to schedule the allocation of resources over time, considering factors like production deadlines and resource availability.

5. Develop a user interface: Build a simple UI to input resource data, constraints, and display the optimized allocation results.

Here's a skeleton of the JavaScript program:

```javascript
// Define resources
let resources = {
  // Add resource objects here
};

// Define constraints
let constraints = {
  // Add constraint objects here
};

// Function to calculate optimal resource allocation
function optimizeAllocation(resources, constraints) {
  // Implement optimization algorithm here
}

// Function to schedule resource allocation
function scheduleAllocation(optimizedAllocation) {
  // Implement scheduling logic here
}

// User interface logic
function handleUserInput() {
  // Get resource and constraint data from user
  // Call optimizeAllocation and scheduleAllocation functions
  // Display results to user
}
```

This structure provides a starting point for your program. You'll need to fill in the details specific to your manufacturing project, such as the actual resources, constraints, and optimization algorithms.

Remember to break down the problem into smaller, manageable functions and test each component individually before integrating them into the final program. Let me know if you need further assistance!
","{""reasoning"": ""The user is working on a manufacturing project that requires optimizing resource allocation using a JavaScript program. The response provides a basic structure for the program, including defining resources and constraints, creating functions for optimization and scheduling, and developing a user interface. The response also includes a code skeleton to help the user get started."", ""tool_tag"": {""name"": ""CodeGeneration"", ""description"": ""Generating a basic structure and code skeleton for a JavaScript program to optimize resource allocation in a manufacturing project.""}}",{},9,"The response effectively adheres to the UCSP guidelines for code generation by providing a clear and structured approach to developing a JavaScript program aimed at optimizing resource allocation in a manufacturing project.  1. **Correct and Effective Use of Code Generation**: The response outlines a logical framework for the program, including key components such as defining resources and constraints, creating optimization functions, and implementing scheduling. This structured approach is essential for tackling a complex problem, demonstrating a solid understanding of the task at hand.  2. **Adherence to UCSP Guidelines**: The response aligns well with the UCSP by providing a comprehensive starting point that addresses the user's needs, showcasing the ability to break down a complex task into manageable parts.  3. **Correct Use of Tools and APIs**: While the response does not explicitly mention external tools or APIs, the mention of optimization techniques suggests an awareness of potential methodologies. However, the response could be improved by explicitly recommending specific libraries or APIs that could aid in optimization, such as linear programming libraries.  4. **Proper Use of 'tool_tag' in Metadata**: The metadata accurately describes the purpose of the code generation and includes a relevant 'tool_tag' indicating the nature of the assistance provided. This is a strong point as it helps categorize the response effectively.  5. **Clarity and Specificity**: The explanation is clear and provides specific steps and a code skeleton, which aids the user in understanding how to implement their project. The inclusion of comments within the code skeleton enhances clarity by guiding the user on what to include.  6. **Practical Relevance and Usefulness**: The example is highly relevant to the user's prompt, addressing the specific need for resource allocation in a manufacturing context. The suggestions for functions and structure are practical and applicable.  7. **Proper Use of Metadata**: The metadata is well-structured and informative, providing the reasoning behind the response and effectively summarizing the content.  8. **Appropriate Creation and Use of Artifacts**: The response does not include artifacts, but given the context of the prompt, this is acceptable as the primary focus was on providing a code structure.  Overall, the response is comprehensive and well-structured, with only minor improvements needed regarding the mention of specific tools or libraries. It serves as a strong foundation for the user to build upon.",CodeGeneration
"I'm working on a C++ system for an e-commerce platform that handles a lot of data transactions. I've noticed that the system's performance isn't optimal, especially during peak hours. Can you provide some guidance on how to approach performance optimization for this system?","Optimizing the performance of a C++ system in an e-commerce environment involves several key steps. Firstly, identify the bottlenecks in your system. This can be done using profiling tools that pinpoint where the system spends most of its time or resources. Focus on database interactions, as these are often the source of performance issues in transaction-heavy applications.

Next, consider the efficiency of your algorithms. Are there any that could be replaced with more efficient ones? For instance, using hash maps for lookups instead of searching through lists can significantly reduce processing time.

Evaluate your use of memory and data structures. In C++, improper memory management can lead to significant performance hits. Make sure you're using the most appropriate data structures for your needs and that you're managing memory effectively.

Lastly, consider the architecture of your system. Can any processes be made asynchronous to improve the user experience? Can you introduce caching to reduce database load? These are all questions that can help guide your optimization efforts.

Remember, optimization is an iterative process. Make changes incrementally and measure their impact before moving on to the next optimization task.
","{""reasoning"": ""To optimize a C++ system for an e-commerce platform, key areas to focus on include identifying performance bottlenecks, improving algorithm efficiency, effective memory and data structure management, and architectural adjustments."", ""tool_tag"": {""name"": ""CodeOptimization"", ""operation"": ""Identify performance bottlenecks, suggest efficient algorithms, and propose architectural improvements""}, ""function_calls"": [{""name"": ""profiling_tool"", ""parameters"": {""system_type"": ""C++"", ""focus_area"": ""database interactions""}}], ""performance"": {""response_time_ms"": 300, ""tokens_used"": 450}}",{},8,"The response effectively addresses the prompt by outlining several key optimization techniques relevant to a C++ system in an e-commerce context, which aligns well with the Universal Core System Prompt (UCSP) guidelines.  1. **Adherence to UCSP Guidelines**: The response adheres to the UCSP by providing a structured approach to performance optimization, including identifying bottlenecks, improving algorithm efficiency, and considering architectural changes.  2. **Correct Use of Tools and APIs**: The mention of profiling tools is appropriate, as profiling is essential for identifying performance issues. However, the response could be improved by specifying particular profiling tools or APIs that are commonly used in C++ optimization, which would enhance its practical relevance.  3. **Proper Use of 'tool_tag' in Metadata**: The metadata correctly identifies the tool used for optimization (CodeOptimization) and outlines the operations involved. This is a good practice as it provides clarity on the tools and methods being recommended.  4. **Clarity and Specificity**: The explanation is clear and specific in its suggestions, covering various aspects of optimization, such as algorithm efficiency and memory management. However, it could benefit from more concrete examples, such as specific algorithms or data structures that are optimal for e-commerce systems.  5. **Practical Relevance and Usefulness**: The points raised are practically relevant to someone working on performance optimization in an e-commerce platform. Suggestions like using hash maps for lookups and considering asynchronous processes are particularly useful.  6. **Proper Use of Metadata**: The metadata provided is well-structured and informative, summarizing the reasoning behind the optimization techniques and the focus areas.  7. **Creation and Use of Artifacts**: There are no artifacts provided, which could have been an opportunity to include sample code or diagrams that illustrate the optimization techniques discussed. This would have added significant value to the response.  Overall, while the response is strong and covers many important aspects of optimization, it could be improved by including specific examples of tools and algorithms, as well as providing artifacts to demonstrate the concepts discussed.",Optimization
"I'm working on a project to analyze the impact of social media on healthcare decision-making. We've collected a lot of data on social media posts related to various health topics, but I'm struggling to make sense of it all. Can you help me find a way to visualize this data to identify trends and patterns that could inform healthcare strategies?","Certainly! Visualizing social media data can provide valuable insights into public sentiment, emerging health concerns, and the effectiveness of healthcare campaigns. Here's how we can approach this:

1. Data preprocessing: First, we'll clean and preprocess the data, removing any irrelevant information and standardizing the format. This will ensure that our visualizations are accurate and meaningful.

2. Sentiment analysis: We'll perform sentiment analysis on the social media posts to classify them as positive, negative, or neutral. This will help us understand the overall sentiment towards various health topics and identify potential areas of concern.

3. Topic modeling: Using techniques like Latent Dirichlet Allocation (LDA), we can group the social media posts into distinct topics. This will allow us to see which health issues are most frequently discussed and how they relate to each other.

4. Time-series analysis: By plotting the frequency of posts over time, we can identify trends and patterns in the data. This can help us understand how public interest in health topics changes over time and how it may be influenced by external events.

5. Geospatial analysis: If location data is available, we can create maps to visualize the geographic distribution of social media posts. This can help us identify regional differences in healthcare concerns and inform targeted interventions.

6. Interactive dashboards: Finally, we can combine all of these visualizations into an interactive dashboard that allows stakeholders to explore the data and draw their own conclusions. This can be a powerful tool for communicating insights and driving data-driven decision-making in healthcare.

By following this approach, we can turn your social media data into a valuable resource for understanding public health trends and informing healthcare strategies.
","{""reasoning"": ""To address the user's need for data visualization in the context of healthcare decision-making using social media data, I outlined a comprehensive approach that includes data preprocessing, sentiment analysis, topic modeling, time-series analysis, geospatial analysis, and the creation of interactive dashboards. This approach will help identify trends, patterns, and regional differences in healthcare concerns, ultimately informing targeted interventions and data-driven decision-making."", ""tool_tag"": {""name"": ""Visualization"", ""description"": ""Creating visual representations of social media data to identify trends and patterns for healthcare decision-making.""}}",{},9,"The response effectively addresses the prompt by outlining a comprehensive approach to visualizing social media data in the context of healthcare decision-making. The steps provided—data preprocessing, sentiment analysis, topic modeling, time-series analysis, geospatial analysis, and the creation of interactive dashboards—are well-structured and relevant to the user's needs.  1. **Adherence to UCSP Guidelines**: The response aligns closely with the UCSP guidelines by providing a clear and systematic approach to data visualization. Each step is logically sequenced and contributes to the overall goal of identifying trends and patterns.  2. **Correct Use of Tools and APIs**: The mention of specific techniques such as sentiment analysis and topic modeling indicates an understanding of appropriate tools and methodologies for data analysis. However, the response could be improved by explicitly mentioning any specific tools or APIs that might be used for these analyses.  3. **Proper Use of 'tool_tag' in Metadata**: The metadata correctly identifies the tool used for visualization, providing a clear description that aligns with the response. This enhances the understanding of the purpose of the visualizations.  4. **Clarity and Specificity**: The explanation is clear and specific, detailing each step of the process. The use of technical terms is appropriate for the context, assuming the audience has some familiarity with data analysis concepts.  5. **Practical Relevance and Potential Usefulness**: The example is highly relevant and practical, as it addresses a significant issue in healthcare decision-making. The proposed visualizations could indeed provide actionable insights for stakeholders.  6. **Proper Use of Metadata**: The metadata provided is concise and effectively summarizes the reasoning behind the approach. It captures the essence of the response and supports the user's understanding of the methodology.  7. **Appropriate Creation and Use of Artifacts**: While no artifacts are provided, the response does suggest the creation of interactive dashboards, which is a valuable artifact in itself. Including examples or mock-ups of these dashboards could have further strengthened the response.  Overall, the response is well-crafted, informative, and closely adheres to the criteria set forth by the UCSP. The only minor area for improvement is the inclusion of specific tools or APIs to enhance the practical application of the proposed methods.",Visualization
Hi there! We're expanding our e-commerce platform to Russia and need some help translating our user interface from German to Russian. Could you assist us with this?,"Absolutely, I'd be happy to help with translating your e-commerce platform's user interface from German to Russian. To get started, could you please provide me with the specific text strings or interface elements that need to be translated? Once I have those details, I'll be able to process the translations for you.
","{""reasoning"": ""The user has requested assistance with language translation for their e-commerce platform's user interface from German to Russian. To proceed, I need the specific text strings or interface elements that require translation."", ""tool_tag"": {""name"": ""Translation"", ""description"": ""Provides translation services between different languages.""}}",{},9,"The response effectively adheres to the Universal Core System Prompt (UCSP) guidelines by directly addressing the user's request for assistance with translating their e-commerce platform's user interface from German to Russian. The use of language is clear and professional, demonstrating an understanding of the task at hand.  The response correctly identifies the need for specific text strings or interface elements to proceed with the translation, which shows clarity and specificity in the explanation of the next steps. This approach not only facilitates effective communication but also ensures that the translation process will be accurate and relevant to the user's needs.  The metadata provided is appropriate and accurately reflects the reasoning behind the request for more information. The ""tool_tag"" is correctly utilized to indicate that translation services will be employed, which aligns with the UCSP's requirement for proper use of tools and APIs.  However, the response could be improved by including an example of how the translation might be carried out or by providing a brief overview of the translation process. This would enhance the practical relevance of the response and give the user a clearer understanding of what to expect.  Overall, the response is strong, with only minor improvements needed to achieve a perfect score.",Translation
"I'm working on optimizing the production schedule for our manufacturing plant. We produce three types of products, each with different profit margins and production times. I need to figure out the optimal mix of products to maximize profits, given our production constraints. Can you help me set up this problem using linear programming?","Absolutely, I can help you set up the linear programming problem to maximize profits for your manufacturing plant. Let's define the variables and constraints:

Variables:
Let x1, x2, and x3 represent the number of units produced for product types 1, 2, and 3, respectively.

Objective Function:
The objective is to maximize total profit. Let p1, p2, and p3 be the profit per unit for each product type. The objective function is:

Maximize P = p1*x1 + p2*x2 + p3*x3

Constraints:
1. Production time: Each product type requires a certain amount of time to produce. Let t1, t2, and t3 be the production time per unit for each product type. If T is the total available production time, the constraint is:

t1*x1 + t2*x2 + t3*x3 ≤ T

2. Production capacity: Each product type requires a certain amount of raw material. Let m1, m2, and m3 be the material required per unit for each product type. If M is the total available raw material, the constraint is:

m1*x1 + m2*x2 + m3*x3 ≤ M

3. Non-negativity constraint:
x1, x2, x3 ≥ 0

To solve this linear programming problem, you'll need to provide the values for the profits (p1, p2, p3), production times (t1, t2, t3), total production time (T), material requirements (m1, m2, m3), and total available raw material (M). Once you have these values, you can use a linear programming solver to find the optimal product mix that maximizes the total profit.
","{""tool_tag"": ""Math"", ""reasoning"": ""To solve the manufacturing optimization problem, I identified the decision variables, set up the objective function to maximize profit, and defined the constraints based on production time and raw material availability. The problem was formulated as a linear programming model.""}",{},9,"The response effectively employs mathematical problem-solving techniques as outlined in the UCSP. It successfully sets up a linear programming model to address the manufacturing plant's production optimization problem.  1. **Adherence to UCSP Guidelines**: The response adheres to the UCSP by clearly defining the variables, objective function, and constraints necessary for formulating a linear programming problem. It provides a structured approach that is easy to follow.  2. **Correct Use of Tools and APIs**: The response does not explicitly mention any external tools or APIs, but it correctly identifies the need for a linear programming solver to find the optimal solution, which aligns with the UCSP's emphasis on using appropriate mathematical tools.  3. **Proper Use of 'tool_tag' in Metadata**: The metadata correctly includes the 'tool_tag' as ""Math,"" indicating the mathematical nature of the problem-solving approach. The reasoning provided in the metadata succinctly summarizes the steps taken to formulate the problem.  4. **Clarity and Specificity**: The explanation is clear and specific, detailing the variables, objective function, and constraints in a manner that would be understandable to someone familiar with linear programming. The use of mathematical notation is appropriate and aids in comprehension.  5. **Practical Relevance and Usefulness**: The example is highly relevant to the context of manufacturing optimization, a common issue in production management. The approach outlined is practical and can be directly applied to real-world scenarios.  6. **Proper Use of Metadata**: The metadata is well-structured and provides insight into the reasoning behind the formulation of the problem, enhancing the overall clarity of the response.  7. **Appropriate Creation and Use of Artifacts**: While there are no artifacts provided, the nature of the problem does not necessitate any additional artifacts at this stage. The response focuses on setting up the problem rather than solving it, which is appropriate given the prompt.  Overall, the response is comprehensive and effectively addresses the prompt, with only minor improvements possible, such as explicitly mentioning any specific linear programming tools or software that could be used for solving the problem.",Math
"I'm working on a project to optimize energy consumption in a moderate-sized office building. We have data on energy usage, occupancy rates, and environmental factors like temperature and sunlight exposure. How can we use this data to make better decisions about heating, cooling, and lighting to reduce our energy costs and environmental impact?","To optimize energy consumption in your office building, you can leverage the data you have on energy usage, occupancy rates, and environmental factors. Here's a step-by-step approach:

1. Data Analysis: Analyze historical energy consumption data to identify patterns and trends. Look for peak usage times, areas of high consumption, and correlations between energy usage and environmental factors like temperature and sunlight exposure.

2. Occupancy Monitoring: Utilize occupancy data to understand how many people are in the building at different times. This information can help you adjust heating, cooling, and lighting based on actual demand rather than fixed schedules.

3. Environmental Factors: Consider the impact of environmental factors on energy consumption. For example, you can use data on sunlight exposure to determine which areas of the building receive natural light and adjust artificial lighting accordingly. Temperature data can help optimize heating and cooling settings.

4. Integration with Building Management Systems (BMS): Integrate the analyzed data with your building's BMS. This allows for automated control of heating, ventilation, and air conditioning (HVAC) systems and lighting based on real-time data and predefined rules.

5. Continuous Monitoring and Adjustment: Implement a system for continuous monitoring of energy consumption and environmental factors. Regularly review the data to identify opportunities for further optimization and make adjustments as needed.

6. Employee Engagement: Encourage employees to participate in energy-saving initiatives. Provide them with information on how their actions impact energy consumption and offer guidelines for reducing waste.

By following this data-driven approach and leveraging the power of your building management system, you can make informed decisions to optimize energy consumption, reduce costs, and minimize your environmental impact.
","{""reasoning"": ""The response provides a structured approach to using data for energy optimization in an office building. It breaks down the process into actionable steps, including data analysis, occupancy monitoring, considering environmental factors, integrating with building management systems, continuous monitoring, and employee engagement."", ""tool_tag"": {""name"": ""DataAnalysis"", ""description"": ""Analyzing historical energy consumption data to identify patterns and trends.""}}",{},9,"The response effectively addresses the prompt by outlining a clear, structured approach to optimizing energy consumption in an office building. It adheres closely to the UCSP guidelines by providing actionable steps that utilize the available data, demonstrating clarity and specificity in the explanation.  1. **Adherence to UCSP Guidelines**: The response follows the UCSP by offering a systematic method for using data to improve energy efficiency. Each step is logical and builds on the previous one, which enhances the overall coherence of the response.  2. **Correct Use of Tools and APIs**: The mention of integrating with Building Management Systems (BMS) indicates an understanding of practical applications of technology in energy management. This aligns well with the UCSP's emphasis on utilizing tools effectively.  3. **Proper Use of 'tool_tag' in Metadata**: The metadata includes a 'tool_tag' that accurately identifies ""DataAnalysis"" as a key tool used in the approach. This is consistent with the UCSP's requirement for indicating tool usage, and the description provided is relevant to the context of the response.  4. **Clarity and Specificity**: The response is clear and specific, detailing each step in the process of energy optimization. The explanations are straightforward and easy to understand, which is crucial for practical implementation.  5. **Practical Relevance and Potential Usefulness**: The outlined approach is highly relevant and practical for the described scenario. It not only addresses immediate energy consumption concerns but also promotes continuous improvement through monitoring and employee engagement.  6. **Proper Use of Metadata**: The metadata provided is relevant and appropriately summarizes the reasoning behind the response. It captures the essence of the structured approach without extraneous information.  7. **Appropriate Creation and Use of Artifacts**: While no artifacts are provided, the response itself serves as a comprehensive artifact that could guide implementation. However, including specific examples or tools (like software or algorithms) could enhance the response further.  Overall, the response is well-crafted, informative, and aligns with the criteria set forth by the UCSP. The minor deduction is due to the absence of specific artifacts that could further illustrate the implementation of the proposed strategies.",Metadata
I'm working on a complex e-commerce project that involves processing user input from various sources and sending out email notifications based on certain triggers. The project needs to handle a high volume of data efficiently. Can you provide a solution that integrates multiple features to manage this workflow effectively?,"To handle your e-commerce project's requirements, we can design a solution that integrates several features for seamless data processing and notification management. Here's a high-level overview of how we can approach this:

1. **Data Ingestion**: We'll set up a robust system to collect user input from various sources. This can include web forms, API endpoints, and even batch uploads. The system will be designed to handle high volumes of data efficiently, ensuring that all user inputs are captured accurately.

2. **Data Processing**: Once the data is ingested, we'll implement a data processing pipeline. This pipeline will clean, transform, and normalize the data to ensure consistency. We can use Python scripts for this purpose, leveraging libraries like Pandas for data manipulation.

3. **Trigger Management**: We'll define a set of triggers based on your business logic. These triggers will determine when an email notification should be sent out. For example, a trigger could be set for when a user completes a purchase or when an item is back in stock.

4. **Email Notification System**: For the email notifications, we can integrate with an email service provider (ESP) like SendGrid or Mailgun. We'll use their APIs to send out emails based on the triggers we defined earlier. This will ensure that the right users receive the right notifications at the right time.

5. **Monitoring and Logging**: To ensure the system runs smoothly, we'll implement comprehensive monitoring and logging. This will help us track the flow of data through the system, identify any bottlenecks or errors, and maintain a record of all notifications sent.

6. **Scalability**: The solution will be designed with scalability in mind, allowing it to handle increasing volumes of data and notifications as your e-commerce project grows.

By integrating these features, we can create a robust and efficient system that meets the complex needs of your e-commerce project. Let me know if you have any specific requirements or if you'd like me to elaborate on any part of the solution.
","{""reasoning"": ""The solution involves integrating multiple features: data ingestion, data processing, trigger management, email notification system, monitoring and logging, and scalability. Each feature addresses a specific aspect of the e-commerce project's requirements, ensuring efficient handling of user input and timely sending of email notifications."", ""tool_tag"": [{""name"": ""DataProcessing"", ""description"": ""Implement a data processing pipeline to clean, transform, and normalize user input data.""}, {""name"": ""EmailIntegration"", ""description"": ""Integrate with an email service provider to send out notifications based on predefined triggers.""}, {""name"": ""Monitoring"", ""description"": ""Set up monitoring and logging to track data flow and system performance.""}]}",{},9,"The response effectively addresses the prompt by providing a comprehensive solution that integrates multiple features necessary for managing the workflow of an e-commerce project. Here are the key points evaluated against the criteria:  1. **Adherence to the UCSP Guidelines**: The response aligns well with the UCSP guidelines, presenting a structured approach to the problem while covering all essential aspects of the workflow.  2. **Correct Use of Tools and APIs**: The response mentions the use of specific tools and APIs, such as Python libraries (Pandas) for data processing and email service providers (SendGrid, Mailgun) for notifications. This demonstrates a clear understanding of the tools that can be utilized to implement the solution.  3. **Proper Use of 'tool_tag' in Metadata**: The metadata includes relevant tool tags that accurately describe the features being integrated. Each tool_tag is well-defined, indicating a clear understanding of their roles in the overall solution.  4. **Clarity and Specificity in the Explanation or Implementation**: The explanation is clear and specific, detailing each step of the proposed solution. The use of bullet points enhances readability and allows for easy comprehension of the workflow.  5. **Practical Relevance and Potential Usefulness of the Example**: The solution presented is highly relevant to the prompt, addressing the need for efficient data handling and notification management in an e-commerce context. The scalability aspect is particularly important for future growth.  6. **Proper Use of Metadata**: The metadata provided is concise and directly related to the features discussed in the response. It effectively summarizes the reasoning behind the solution, demonstrating a logical connection between the proposed features and the project's requirements.  7. **Appropriate Creation and Use of Artifacts**: While no artifacts were created, the response is still strong as it provides a solid conceptual framework. However, including potential artifacts (e.g., example code snippets or diagrams) could have enhanced the response further.  Overall, the response is thorough and well-structured, with minor room for improvement in terms of providing example artifacts. Thus, a score of 9 reflects its high quality and effectiveness in addressing the prompt.",CombinedFeatures
